{
  "request_id": "REQ_001",
  "case_id": "CASE_999",
  "transaction_id": "TXN_888",
  "timestamp": "2026-07-01T00:00:00Z",
  "features": {
    "F3898": 0.0,
    "F3348": -999.0,
    "F3914": 0.0,
    "F3484": 0.06,
    "F3908": 1.0,
    "F1057": 40000.0,
    "F3805": 722202.4,
    "F3240": -999.0,
    "F1921": 4921.38466,
    "F1813": 1000374.24,
    "F1596": 62.0,
    "F3913": 0.0,
    "F1597": 506902.62,
    "F61": 0.47,
    "F3526": -0.21,
    "F2583": 0.15,
    "F267": 0.33,
    "F3395": -1.0,
    "F2183": 0.16187051,
    "F1863_Log1p": 13.107756129123954,
    "F3810": 62.0,
    "F2581": 0.09,
    "F2138": 1728.882302,
    "F3799": 1000874.24,
    "F163": 1.0,
    "F1636": 20.0,
    "F1647": 238037.36,
    "F2487": 1.06,
    "F880": 0.0,
    "F3491": -0.13,
    "F949": 37400.0,
    "F3487": -1.0,
    "F3473": -1.0,
    "F1594": 103.0,
    "F3534": 1.11,
    "F2349": 0.26,
    "F1003": 34500.0,
    "F1926": 0.592233,
    "F2328": -999.0,
    "F2302": -999.0,
    "F2293": 0.43,
    "F3038": -999.0,
    "F1951": 2.291262136,
    "F59": 0.49,
    "F2140": 0.9856115,
    "F3701": -0.34,
    "F2178": 0.0,
    "F2137": 3598.468489,
    "F2391": 0.0,
    "F2029": 3761.470833,
    "F2686": 0.0,
    "F3205": -1.0,
    "F2290": 1.14,
    "F20": 0.65,
    "F3700": 0.06,
    "F625": 7.08,
    "F2384": -999.0,
    "F3599": -0.3,
    "F1827_Log1p": 13.161038672613511,
    "F466": 1.04,
    "F3532": 0.74,
    "F1705": 722202.4,
    "F3485": -0.13,
    "F162": 0.69,
    "F55": -999.0,
    "F193": -999.0,
    "F3538": -0.16,
    "F270": 0.48,
    "F1755": 339319.62,
    "F3490": 0.08,
    "F2182": 0.8021583,
    "F2784": 0.12,
    "F3142": 277.0,
    "F468": 1.02,
    "F1212": 1.0,
    "F3401": -1.0,
    "F3806": 380617.28,
    "F1204": 1.0,
    "F2144": 1727.557842,
    "F673": 0.0,
    "F3493": -0.99,
    "F1489_Log1p": 11.082157933374816,
    "F3492": 0.28,
    "F3486": 0.23,
    "F1863": 492748.46,
    "F3367": -1.0,
    "F3593": -0.31,
    "F2261": -999.0,
    "F3822": 0.326316,
    "F2415": -999.0,
    "F1598": 268599.76,
    "F3564": -999.0,
    "F2440": 0.79,
    "F1198": 1.0,
    "F2194": 0.0,
    "F2142": 0.6798561,
    "F1929": 2313.333592,
    "F98": 0.0,
    "F3363": -1.0,
    "F1884": 0.0,
    "F1981": 0.0,
    "F3562": -1.0,
    "F3712": 0.1,
    "F3533": 0.14,
    "F833": 0.0,
    "F1236": 0.0,
    "F930": 0.0,
    "F2171": 0.0,
    "F997": 37400.0,
    "F2085": 0.0,
    "F2843": 102.0,
    "F2136": 0.68345326,
    "F2333": -999.0,
    "F3703": -1.0,
    "F964": 0.0,
    "F1860": 178.0,
    "F1968": 0.57281554,
    "F2419": -999.0,
    "F2200": 0.003597122,
    "F2135": 0.31294963,
    "F2388": 0.31,
    "F891": 0.0,
    "F888": 0.0,
    "F1053": 0.0,
    "F369": 1.31,
    "F2847": 102.0,
    "F195": -999.0,
    "F1706": 380617.28,
    "F2270": 0.0,
    "F1707": 341585.12,
    "F2513": -999.0,
    "F3640": 0.95,
    "F3923": 0.0,
    "F3800": 481129.28,
    "F3033": -999.0,
    "F1046": 0.0,
    "F840": 0.0,
    "F2842": 102.0,
    "F928": 0.0,
    "F1681": 0.0,
    "F875": 0.0,
    "F2188": 0.043165468,
    "F1187": 0.0,
    "F116": 0.71,
    "F3539": 0.31,
    "F2232": -999.0,
    "F1869": 0.0,
    "F1849": 29.5,
    "F3824": 0.558269,
    "F3765": -1.0,
    "F889": 0.0,
    "F2486": 2.02,
    "F3748": 0.93,
    "F1170": 1.0,
    "F1640": 135281.56,
    "F1871": 0.0,
    "F2484": 1.82,
    "F3903": 0.0,
    "F2250": 0.54,
    "F2164": 0.017985612,
    "F2265": -999.0,
    "F3459": -999.0,
    "F3271": -1.0,
    "F913": 0.0,
    "F2189": 0.043165468,
    "F2190": 0.0,
    "F1737": 236.0,
    "F2383": 0.53,
    "F2122": 0.003597122,
    "F3219": -1.0,
    "F922": 0.0,
    "F2841": 102.0,
    "F2938": -999.0,
    "F2288": 1.03,
    "F64": 0.7,
    "F999": 37400.0,
    "F1821": 519715.46,
    "F951": 37400.0,
    "F62": 0.64,
    "F3528": -1.0,
    "F1653": 0.0,
    "F1657": 0.0,
    "F2584": -0.16,
    "F56": 0.97,
    "F2783": -0.17,
    "F265": 0.35,
    "F2582": -0.09,
    "F1819": 999976.54,
    "F2742": 0.15,
    "F2074": 0.8333333,
    "Retail_Tenure_Interaction": 4.0,
    "F2181": 0.0,
    "F3642": 1.53,
    "F1815": 519744.96,
    "F3841": 137.1,
    "F2150": 1727.557842,
    "F2787": -0.23,
    "F2443": 1.18,
    "F2859": -999.0,
    "F1922": 2607.76466,
    "F453": 0.36,
    "F2782": 0.05,
    "F3801": 519744.96,
    "F465": -999.0,
    "F2683": -0.02,
    "F2543": -0.24,
    "F3725": -1.0,
    "F3592": 0.06,
    "F2740": 0.02,
    "F3117": -999.0,
    "F450": 0.58,
    "F2387": 0.41,
    "F3351": -999.0,
    "F2897": -999.0,
    "F3749": -0.01,
    "F2030": 1982.381667,
    "F1932": 0.592233,
    "F2830": -999.0,
    "F2037": 1778.935521,
    "F3672": -999.0,
    "F1431": 37400.0,
    "F1711": 721804.7,
    "F1717": 721804.7,
    "F3922": 0.0,
    "F2397": -999.0,
    "F169": -999.0,
    "F2141": 0.3057554,
    "F171": -999.0,
    "F3811": 506902.62,
    "F1814": 480629.28,
    "F3103": 277.0,
    "F2833": -999.0,
    "F3598": 0.1,
    "F1323": 37400.0,
    "F469": 1.1,
    "F1976": 606.8695146,
    "F1753": 577774.82,
    "F1854": 0.0,
    "F3600": 0.49,
    "F1920": 0.60194176,
    "F2678": 0.06,
    "F3243": -999.0,
    "F1746": 0.0,
    "F2682": -0.09,
    "F2785": -0.24,
    "F2468": 1.5,
    "F1810": 277.0,
    "F2685": -0.23,
    "F1141": 0.0,
    "F2489": 1.07,
    "F2890": 102.0,
    "F366": 0.87,
    "F436": 0.36,
    "F1165": 65000.0,
    "F119": 0.79,
    "F2997": 191.0,
    "F2998": 191.0,
    "F2889": 102.0,
    "F2285": 0.03,
    "F1820": 480261.08,
    "F1826": 480261.08,
    "F509": 0.0,
    "F1211": 1.0,
    "F3099": -999.0,
    "F3594": 0.42,
    "F2239": -999.0,
    "F568": 0.96,
    "F3498": 0.28,
    "F159": 0.71,
    "F1961": 0.19417475,
    "F483": -999.0,
    "F3501": -0.99,
    "F2748": 0.15,
    "F9": -999.0,
    "F1530": 0.0,
    "F1489": 65000.0,
    "F2143": 3597.037914,
    "F2541": 0.13,
    "F3751": -0.16,
    "F2036": 1980.463958,
    "F2901": -999.0,
    "F3267": -1.0,
    "F1071": 37400.0,
    "F3567": -999.0,
    "F3708": 0.52,
    "F2681": -0.04,
    "F1924": 0.9708738,
    "F2585": -0.02,
    "F1718": 380249.08,
    "F3812": 268599.76,
    "F1058": 40000.0,
    "F1971": 2311.04233,
    "F573": 1.3,
    "F3606": 0.49,
    "F1600": 100.0,
    "F526": 0.99,
    "F203": -999.0,
    "F2292": 0.83,
    "F1499": 1.0,
    "F2535": 0.12,
    "F2075": 0.17708333,
    "F3601": -0.99,
    "F631": 0.0,
    "F1827": 519715.46,
    "F3499": -0.99,
    "F1395": 37400.0,
    "F3643": -0.16,
    "F1919": 0.39805827,
    "F2149": 3597.037914,
    "F2042": 1980.463958,
    "F3891": 4.0,
    "F1383": 37400.0,
    "F272": 0.67,
    "F2304": -999.0,
    "F2652": 1.76,
    "F1719": 341555.62,
    "F1713": 341555.62,
    "F227": 0.56,
    "F3851": -999.0,
    "F1930": 0.9708738,
    "F280": -999.0,
    "F3808": 103.0,
    "F532": 0.99,
    "F1389": 37400.0,
    "F1602": 61.0,
    "F346": 1.86,
    "F1712": 380249.08,
    "F2078": 1241.954167,
    "F2031": 1779.089167,
    "F470": 1.31,
    "Account_Tenure_Bucket": 4.0,
    "F1575": 0.0,
    "F3446": -1.0,
    "F394": -999.0,
    "F2442": 1.74,
    "F3920": 2.0,
    "F2291": 0.57,
    "F1434": 0.0,
    "F2390": 0.45,
    "F206": 0.0,
    "F1825": 999976.54,
    "F2146": 0.9856115,
    "F2480": -999.0,
    "F2892": 102.0,
    "F2385": 0.39,
    "F3495": -0.99,
    "F2586": -0.24,
    "F247": 0.4,
    "F157": 0.72,
    "F2848": 102.0,
    "F1107": 37400.0,
    "F2438": 2.06,
    "F1769": 0.0,
    "F2254": 0.43,
    "F419": 1.03,
    "F233": 0.56,
    "F2831": -999.0,
    "F3496": 0.08,
    "F10": -999.0,
    "F3105": 277.0,
    "F1166": 40000.0,
    "F2891": 102.0,
    "F2260": 0.43,
    "F240": 0.0,
    "F310": -999.0,
    "F348": 1.86,
    "F1104": 1.0,
    "F2076": 0.65625,
    "F2524": -999.0,
    "F3706": 0.1,
    "F3887": 167.0,
    "F1442": 0.0,
    "F2967": 191.0,
    "F451": 0.36,
    "F517": -999.0,
    "F2002": 0.0,
    "F1287": 37400.0,
    "F2454": -999.0,
    "F196": -999.0,
    "F3109": 277.0,
    "F1535": 1.0,
    "F2452": 0.79,
    "F2032": 0.984375,