{
    "n_estimators": 246,
    "learning_rate": 0.018398800064714643,
    "max_depth": 8,
    "subsample": 0.9850767785925294
}